{"cameraMode":{"drawMode":0,"name":"Shaded","section":"Shading Mode"},"sceneLighting":false,"audioPlay":false,"sceneViewState":{"m_AlwaysRefresh":false,"showFog":true,"showSkybox":false,"showFlares":true,"showImageEffects":true,"showParticleSystems":true,"showVisualEffectGraphs":true,"m_FxEnabled":true},"in2DMode":false,"pivot":{"x":-9.982979774475098,"y":1.8638190031051636,"z":12.565428733825684},"rotation":{"x":-0.005774834658950567,"y":0.40281713008880618,"z":-0.0025426375214010479,"w":-0.915270984172821},"size":2.1903746128082277,"orthographic":false}