{"cameraMode":{"drawMode":0,"name":"Shaded","section":"Shading Mode"},"sceneLighting":false,"audioPlay":false,"sceneViewState":{"showFog":true,"showMaterialUpdate":false,"showSkybox":false,"showFlares":true,"showImageEffects":true,"showParticleSystems":true},"in2DMode":false,"pivot":{"x":-9.772274017333985,"y":0.32666662335395815,"z":9.544159889221192},"rotation":{"x":0.025489963591098787,"y":0.15710943937301637,"z":-0.004039497580379248,"w":0.9872744083404541},"size":1.1816755533218384,"orthographic":false}