{"cameraMode":{"drawMode":0,"name":"Shaded","section":"Shading Mode"},"sceneLighting":false,"audioPlay":false,"sceneViewState":{"showFog":true,"showMaterialUpdate":false,"showSkybox":false,"showFlares":true,"showImageEffects":true,"showParticleSystems":true},"in2DMode":false,"pivot":{"x":-7.220000267028809,"y":3.0869140625,"z":16.809999465942384},"rotation":{"x":0.20464777946472169,"y":0.3629804253578186,"z":-0.082053542137146,"w":0.9053406715393066},"size":11.664637565612793,"orthographic":false}